0,499,1,95,2,666,774,3,4,3919,5,1481,6,313,1785,7,2092,8
9,10,428,494,11,364,3259,12,590,4496,13,8786,14,96,15,1027,16,698,1656,17,258,480,18,5770,19,5585,20,770,21,22,23,1569,7226,24,2,666,774,25,2038,26,27,2987,28
29,30,31,32,33,34,35
5,1481,6,313,1785,36,342,669,37,38
39,41,40,295,481,39,41
42,833,43,36,342,669,44,609,4599,45,216,46,5318,16,698,1656,47,6872,48,49,2824,50,74,51,4751,42,833,52,764,53,2588,12,590,4496,54,924,55,56,57,58,2093,5667,59,235,5668,20,770,60,1131,61,3566,62,936,8191,42,833,63,503,20,770,45,216,64,6204,2,666,774,65,12,590,4496,66,7237,67,68
69,2959,70,71,2597,72,407,2555,73,6652,50,74,75,244,7084,42,833,76,2486,77,2,666,774,78,79,4908,80,2979,81,314,383,82,83,84,85,86,1563,5214,87,401,7617,88,657,1542,89,371,17,258,480,90,1358,91,92,2436,6394,93,167,2,666,774,94,84
1,95,14,96,11,364,3259,11,364,3259,11,364,3259
1,95,14,96,11,364,3259
29,97,98,99,5311,6587,1,95,14,96,100,101
29,102,3,103,271,104,1,95,105,150,4608
106,245,107,42,833,108,2131,109,946,6482,110,5669,6180,45,216,111,5915,112,113,92,2436,6394,114,84,6,313,1785,12,590,4496,115,116,2949,14,96,117,958,14,96,117,958,117,958,14,96,40,295,481,14,96,100
14,96,118
1,95,3,40,295,481,1,95,14,96,42,833,21,17,258,480,119,2011,81,314,383,120,6096,7345
29,121,122,99,5311,6587,42,833,20,770,123,55,56
39,41,3,40,295,481,14,96
1,95,3,40,295,481,14,96
42,833,124,879,20,770,123,55,56
125,588,42,833,126,3645,7492,84,67,127,128,688,129,126,3645,7492,130,2692,131,72,407,2555,42,833,132,133,2562,134,84,53,2588,72,407,2555,90,1358,135,732,136,5579,8736,137,1107,3653,2,666,774,138,6326,92,2436,6394,139,2,666,774,17,258,480,40,295,481,140,5506,17,258,480,93,167,2,666,774,141,1836,84,137,1107,3653,142
103,271,50,74,128,688,143,8613,144,4297,145,246,17,258,480,146,6265,147,2893
29,148,99,5311,6587,149,545,667,105,150,4608,151,1241,110,5669,6180,45,216,152,153,1643,154
155,1417,156,744,128,688,157,1199,4271,158,159,522,5143,128,688,160,2,666,774,135,732,161,162,1480,163,818,43
164,165,655,5291,52,764,166
93,167,168,14,96,14,96,14,96,14,96,14,96,14,96,14,96,14,96,14,96,14,96,169,202,17,258,480,43,88,657,1542,170,7600,20,770,47,6872,171,172,173
42,833,174,402,175,6942,50,74,176,177,5691,178,1539,179,404,180,181,5254,5487,182,183
184,586,1012,185,1078,186,329,187,1140,17,258,480,45,216,64,6204,188,189,72,407,2555,109,946,6482,190,420,4962,105,150,4608,126,3645,7492,191,1614
192
193,196,316,177,5691,178,1539,194,195,193,196,316,81,314,383,197,4579,198,5520,190,420,4962,17,258,480,10,428,494,199,6230,84,200,2281,2,666,774,81,314,383,201,315,4604,169,202,203,5409,204,3238,205,1228,193,196,316,206,207,208,6,313,1785,209,45,216,210,2662,16,698,1656,211,212,5089,213,90,1358,135,732,214,826,89,371,59,235,5668,215,291,62,936,8191,45,216,210,2662,16,698,1656,212,5089,217,40,295,481,45,216,64,6204,218,1116,219,220,103,271,221,1529
222,223,122,99,5311,6587,224,225,230,226,5000,16,698,1656,208,227,7352,199,6230
228,3347,229,3689,225,230,231,8636,42,833,110,5669,6180,232,1092,233,907,4989,103,271,221,1529
222,234,99,5311,6587,59,235,5668,225,230,45,216,236,2937,237,42,833,190,420,4962,238,193,196,316,239,240
241,572,17,258,480,242,2671,110,5669,6180,81,314,383,237
222,243,99,5311,6587,75,244,7084,204,3238,106,245,145,246,17,258,480
93,167,168,45,216,247,205,1228,248,6989
42,833,249,6713,250,1458,1654,251,267,6,313,1785,252,253,254,253,254,16,698,1656,81,314,383,255,4813,42,833,256,257,1694,17,258,480,233,907,4989,179,404,259,42,833,260,7010,261,262,2,666,774,43,263,40,295,481,264,1771,265,266,1194,16,698,1656,17,258,480,251,267,186,329,135,732,266,1194,268,1114,269,270,2894,103,271,272,273,3627,4274,2,666,774,81,314,383,274,98,40,295,481,275,40,295,481,276,50,74,277,3609,81,314,383,278,2054,88,657,1542,90,1358,135,732,279,2335,280,87,401,7617,40,295,481,81,314,383,281,349,2409,282,1639,20,770,88,657,1542
283
284,8797,285,8265,17,258,480,261,179,404,45,216,286,3058,287,2768
288
289,1762,7838,10,428,494,105,150,4608,290,3097,221,1529
215,291,59,235,5668,225,230,45,216,292,2,666,774,293,294,10,428,494
40,295,481,45,216,210,2662,296,297
298,299
59,235,5668,20,770,45,216,300,301,42,833,63,503,238,193,196,316,302,5138,303,304,113,305,2972,306,45,216,307,1039,3724,266,1194
298,299
308
224,225,230,15,1027,309
310
311,394,1214,312,1165,6,313,1785,81,314,383,201,315,4604,193,196,316,81,314,383,317,318,7216,319,5841,320,1038,124,879,15,1027,214,826,197,4579,2,666,774,321,1354,322,4797
222,323,99,5311,6587,324,7606,16,698,1656,325,4866,42,833,20,770,326,266,1194,16,698,1656,327,6978,328,186,329,330,6222,331,1670,81,314,383,197,4579,332,2765
222,333,99,5311,6587,334
1,95,204,3238,14,96,42,833,335,976,135,732,5,1481,6,313,1785,336,2139,337,6261,40,295,481,338,42,833,339,3875,340,441,341,36,342,669,44,609,4599,12,590,4496,343,5292,344,5847,16,698,1656,345,5634,346,3354,40,295,481,260,7010,72,407,2555,347,3021,2,666,774,20,770,225,230,45,216,348,6,313,1785,281,349,2409,350,370,2410,42,833,156,744,351,2855,352,204,3238,161,14,96,100,353,508,14,96,14,96,14,96,14,96,14,96,50,74,2,666,774,141,1836,88,657,1542,354,4264,12,590,4496,355,356,357,2,666,774,92,2436,6394,181,5254,5487,12,590,4496,358,359,360,361,942,362,363
11,364,3259,365,366
367,938,205,1228,368,2,666,774,369,4008,17,258,480,6,313,1785,81,314,383,350,370,2410,365,89,371,372,1467,373,875,7770,374,375,4703,7876,181,5254,5487,193,196,316,81,314,383,197,4579,332,2765,40,295,481,376,5329,377,1923,251,267,40,295,481,302,5138,378,2,666,774,379,380,381,382
81,314,383,197,4579,332,2765,44,609,4599,384,106,245,385,693,386,1361,17,258,480,387,4581,181,5254,5487,2,666,774,388,81,314,383,144,4297
389
390,391,122,99,5311,6587,392,299
393,753,311,394,1214,143,8613,135,732,395,4600,396,397,1406,4270,398,50,74,186,329,399,400,1524,302,5138
87,401,7617,36,342,669,229,3689
174,402,341,2,666,774,126,3645,7492,403,4673,322,4797
179,404,17,258,480,119,2011,81,314,383,405
11,364,3259,14,96,36,342,669,44,609,4599,45,216,259,348,406,1989
72,407,2555,185,1078,229,3689
408
409
222,410,31,411,412,34,413
414,415,2,666,774,81,314,383,416,417
418,419,3185,185,1078,229,3689
11,364,3259,415,36,342,669,44,609,4599,45,216,339,3875,259,350,370,2410
190,420,4962,421,2251,400,1524,422,2369,81,314,383,395,4600,423,193,196,316,163,818
390,424,99,5311,6587,298,299
425
222,426,122,99,5311,6587,427,722,10,428,494,429,6931,430,16,698,1656,81,314,383,198,5520,40,295,481,431,5163,432,3969,2,666,774,433,482,6463,434,435,436,437,438
439,103,271,193,196,316,414,40,295,481,440,340,441,341,2,666,774,442,5858,443,803,257,1694,42,833,233,907,4989,444
1,95,415,11,364,3259,2,666,774,81,314,383,350,370,2410
222,445,99,5311,6587,215,291,59,235,5668,446,4710,12,590,4496,447,4331,448,449
222,450,99,5311,6587,40,295,481,105,150,4608,16,698,1656,12,590,4496,451
452,453
454,16,698,1656,455,447,4331
222,456,99,5311,6587,72,407,2555,42,833,457,458,12,590,4496,459,460,877,7688,447,4331,448,449,40,295,481,105,150,4608,12,590,4496,451,6,313,1785,12,590,4496,236,2937,461,8187,40,295,481,42,833,462,2622,3952,463,2,666,774,464,105,150,4608,16,698,1656,88,657,1542,232,1092,465,4030,466,929,215,291,467,468,668,88,657,1542,2,666,774,469,133,2562,182,470,471,472,5568,44,609,4599,45,216,473,3290,474,40,295,481,475,2841,476,6,313,1785,281,349,2409,350,370,2410,250,1458,1654,81,314,383,477,257,1694,81,314,383,478,479,1462,8149,17,258,480,40,295,481,433,482,6463,483,6213,484,2731,485,6957,44,609,4599,81,314,383,486,4483,6392,487,42,833,249,6713,368,2,666,774,6,313,1785,281,349,2409,350,370,2410
222,488,99,5311,6587,489,490,193,196,316,177,5691,491,50,74,492,190,420,4962,42,833,126,3645,7492,12,590,4496,493,395,4600,10,428,494,157,1199,4271,495,12,590,4496,493,6,313,1785,81,314,383,325,4866,236,2937
222,496,99,5311,6587,497
498
42,833,52,764,168,2,666,774,0,499,500,1370,168,501,502
63,503,128,688,135,732,200,2281,119,2011,81,314,383,504,505,506,3331,367,938,128,688,507,4976,451,353,508,447,4331,448,451
222,509,99,5311,6587,510,447,4331,448,449,511,512,4964,451,257,1694,513,514,250,1458,1654,40,295,481,515,516,517,3074,514
69,2959,159,522,5143,518,44,609,4599,88,657,1542,36,342,669,106,245,519,3650,520
521,4662,159,522,5143,523,272,88,657,1542,135,732,2,666,774,135,732,81,314,383,287,2768,257,1694,81,314,383,524,40,295,481,81,314,383,525,2,666,774,526,4807,81,314,383,527,16,698,1656,528,257,1694,81,314,383,529,16,698,1656,45,216,530,531,178,1539,340,441,532,4278,533,4472,159,522,5143,534,1253,535,3602,193,196,316,536,537,538,81,314,383,539,16,698,1656,45,216,540
69,2959,159,522,5143,518,88,657,1542,44,609,4599,81,314,383,541,109,946,6482,542,45,216,543,7980,109,946,6482,544,149,545,667,193,196,316,40,295,481,45,216,546,547,443,803,2,666,774,548
549,81,314,383,550,551,552,553,81,314,383,554
222,555,122,99,5311,6587,322,4797
164,165,655,5291,52,764,166
556,557,99,5311,6587,558,2185,559,1323,72,407,2555,42,833,458,12,590,4496,560,88,657,1542,45,216,561,2406,562,563,6620,564,2878,40,295,481,20,770,75,244,7084,565,63,503,421,2251,566,92,2436,6394,251,267,10,428,494,567
556,568,99,5311,6587,42,833,186,329,569,17,258,480,395,4600,6,313,1785,515,570,571
93,167,131,241,572,17,258,480,110,5669,6180
227,7352,135,732,395,4600,6,313,1785,573,350,370,2410,574,5354,575,576,5174,42,833,110,5669,6180,2,666,774,495
556,577,99,5311,6587,89,371,17,258,480,20,770,472,5568,578,5744,579,88,657,1542,89,371,565,44,609,4599,111,5915,72,407,2555,42,833,190,420,4962,580,12,590,4496,581,472,5568,582,335,976,126,3645,7492,92,2436,6394,583,511,571,40,295,481,578,5744,569,17,258,480,395,4600
556,584,99,5311,6587,145,246,17,258,480,585
184,586,1012,227,7352,587,17,258,480,125,588,227,7352,135,732,395,4600,6,313,1785,573,589,2437,12,590,4496,591,44,609,4599,592,353,508,593,2219,594,4587,16,698,1656,595,596,72,407,2555,227,7352,138,6326,17,258,480,582
556,597,99,5311,6587,145,246,17,258,480,87,401,7617,17,258,480,598,221,1529
599,600,601,99,5311,6587,298,299
556,602,601,99,5311,6587,93,167,168,45,216,603,604,605,1216,606
556,607,99,5311,6587,289,1762,7838,10,428,494,578,5744,569,17,258,480,608
44,609,4599,610,2199,611,612
556,613,601,99,5311,6587,614,1171,179,404,615,611
556,616,99,5311,6587,40,295,481,617,618,645,20,770,266,1194
59,235,5668,225,230,45,216,265,619,620
556,621,99,5311,6587,75,244,7084,386,1361,89,371,88,657,1542,476,2,666,774,59,235,5668,50,74,42,833,622,47,6872,619,620,6,313,1785,81,314,383,623,7865,624,625
81,314,383,624,626,339,3875,627,62,936,8191,628,5388
556,629,99,5311,6587,630,1294,81,314,383,631,632,625
59,235,5668,633,45,216,634
42,833,633,266,1194,250,1458,1654,45,216,635,636,637
556,638,99,5311,6587,145,246,17,258,480,2,666,774,618,645,62,936,8191,194,639,17,258,480,179,404,105,150,4608,311,394,1214,42,833,335,976,135,732,106,245,232,1092,640,6573,12,590,4496,460,877,7688,641,642,643
556,644,122,99,5311,6587,618,645,178,1539,215,291,326,646,40,295,481,647,16,698,1656,81,314,383,198,5520,10,428,494,190,420,4962,17,258,480,648,84,2,666,774,36,342,669,649,20,770,45,216,249,6713,119,2011,81,314,383,650,10,428,494,72,407,2555,618,645,190,420,4962,135,732,651,381
556,652,122,99,5311,6587,653
654,165,655,5291,656
88,657,1542,44,609,4599,136,5579,8736,658,62,936,8191,45,216,659,660,353,508,661,662,169,202,81,314,383,663,3927,16,698,1656,81,314,383,664,3093
10,428,494,665,684,2,666,774,149,545,667,468,668,36,342,669,670,3755
671
105,150,4608,17,258,480,110,5669,6180,44,609,4599,433,482,6463,672,673,89,371,372,1467,45,216,674,675
88,657,1542,44,609,4599,486,4483,6392,181,5254,5487,676,2,666,774,149,545,667,62,936,8191,17,258,480,190,420,4962,20,770,45,216,677,6,313,1785,60,1131,678,660
40,295,481,89,371,372,1467,679,42,833,680,1302,7306,681,1471,4272,59,235,5668,353,508,12,590,4496,149,545,667,682,279,2335,353,508,75,244,7084,266,1194,683,92,2436,6394,17,258,480,335,976,665,684,40,295,481,685,433,482,6463,686,687,119,2011,81,314,383,281,349,2409,128,688,179,404,689,40,295,481,690,128,688,691,2495,45,216,165,655,5291,692,42,833,160,2,666,774,385,693,12,590,4496,149,545,667,694,6101,40,295,481,42,833,429,6931,47,6872,695,6,313,1785,93,167,12,590,4496,278,2054,40,295,481,520,44,609,4599,696,7088,50,74,372,1467,373,875,7770,697,6661,159,522,5143,42,833,569,17,258,480,193,196,316
16,698,1656,527,89,371,699,1541,45,216,700,5826,106,245,120,6096,7345,701,1628,373,875,7770,702,8484,17,258,480,335,976,149,545,667,193,196,316,84,40,295,481,691,2495,45,216,703,2,666,774,433,482,6463,704
599,705,122,99,5311,6587,298,299
556,706,122,99,5311,6587,707,433,482,6463,708,4739,4754,44,609,4599,709,1235,221,1529
556,710,98,99,5311,6587,69,2959,268,1114,578,5744,135,732,200,2281,6,313,1785,711,6389,712,2137,713,1390,7689
714
715,299
298,299
190,420,4962,421,2251,162,1480,92,2436,6394,716
585
556,717,98,99,5311,6587,17,258,480,6,313,1785
718,2171,3425,719,119,2011,720,120,6096,7345,193,196,316,197,4579,332,2765,721,133,2562,105,150,4608,17,258,480,427,722
204,3238,6,313,1785
723
298,299
618,645,250,1458,1654,81,314,383,724
392,299
725,726,221,1529
727
72,407,2555,728
556,729,730,458
298,299
556,731,99,5311,6587,135,732,106,245,2,666,774,43,733,4350,88,657,1542,44,609,4599,42,833,523,178,1539,42,833,90,1358,734
59,235,5668,735,8716,45,216,736,250,1458,1654,737,2471,3762,738,42,833,739
125,588,42,833,52,764,200,2281,610,2199,537,42,833,740,88,657,1542,741,2,666,774,92,2436,6394
17,258,480,105,150,4608,742,1455,743
156,744,43,352,204,3238,745,1500,250,1458,1654,746,1095,45,216,46,5318,681,1471,4272,62,936,8191,747
748,3483,749,2803,750
556,751,98,99,5311,6587,42,833,90,1358,0,499,578,5744,752,88,657,1542,193,196,316,17,258,480,50,74,88,657,1542,393,753,681,1471,4272,45,216,737,2471,3762,287,2768,754,7223
755
556,756,99,5311,6587,757,1256,758,2290,45,216,626,16,698,1656,81,314,383,197,4579,198,5520
44,609,4599,88,657,1542,759
556,760,99,5311,6587,289,1762,7838,88,657,1542,761,7945,762,903,6,313,1785,763
52,764,88,657,1542,124,879,765,6,313,1785,763
556,766,98,99,5311,6587,42,833,767,42,833,768,88,657,1542
769
20,770,758,2290,45,216,771,772,773
757,1256
2,666,774,321,1354,93,167,775,109,946,6482,105,150,4608,776,6246,257,1694,47,6872,777,778,779
126,3645,7492,780,154
781,956,782,783,784
204,3238,785,574,5354,421,2251,786,88,657,1542,353,508,787,81,314,383,788,789
40,295,481,748,3483,250,1458,1654,790,791,792,7592,127
193,196,316,177,5691,793,794,795,12,590,4496,13,8786,796,797,798,799,4106,311,394,1214,800,7102,801,6429,168,802,3168,443,803,804,6275,805,806,563,6620,564,2878,796,52,764,626,16,698,1656,81,314,383,807,5087,808,2412,7208,6,313,1785,809,3466,40,295,481,81,314,383,486,4483,6392,810,811,2,666,774,812,7672,799,4106,813,81,314,383,814,44,609,4599,815,3543,250,1458,1654,816,2176,817,4527,163,818,50,74,23,1569,7226,44,609,4599,6,313,1785,819,193,196,316,45,216,820,821,822,4112,44,609,4599,81,314,383,823
824
825
214,826,266,1194,827
298,299
558,2185,427,722,421,2251,828,12,590,4496,829,40,295,481,830,46,5318,119,2011,8,50,74,340,441,533,4472,178,1539,88,657,1542,52,764,322,4797,89,371,831,832,257,1694,88,657,1542,18,5770,42,833,20,770,88,657,1542,395,4600,10,428,494,225,230,834,2,666,774,835
44,609,4599,610,2199,75,244,7084,836,45,216,837,838,250,1458,1654,839,119,2011,840
498
841,842,88,657,1542,81,314,383,843,844,2096,845,2,666,774,144,4297,846,4191,847,88,657,1542
72,407,2555,224,157,1199,4271,848,47,6872,849,127
298,299
850,2,666,774,105,150,4608,81,314,383,851
58,2093,5667,59,235,5668,43,852,862
853
854,2002,855,5722,2,666,774,126,3645,7492,610,2199
856,2,666,774,857,912,576,5174,858,5996
228,3347,859
241,572,17,258,480,160,2,666,774,273,3627,4274,2,666,774,81,314,383,860,285,8265
42,833,241,572,861,2918
852,862,863,4852,44,609,4599,119,2011,81,314,383,395,4600,16,698,1656,81,314,383,860,864,81,314,383,865,3913,353,508,610,2199,179,404,866,80,2979,867,1405,135,732,868,876,40,295,481,869,870,42,833,108,2131,610,2199,871,4511,532,4278,135,732,872,80,2979,857,912,50,74,397,1406,4270,45,216,46,5318,16,698,1656,45,216,873,874,1197
373,875,7770,135,732,868,876,460,877,7688,868,876
228,3347,878,4770,6438
124,879,573,880,2924,881,80,2979,882,1625,883,6473,884,885
89,371,17,258,480,160,2,666,774,886,116,2949,66,7237,116,2949,658,42,833,887,856,2,666,774,888,6260,889,2,666,774,869,576,5174,890,4429,2,666,774,81,314,383,860,891,892,893,6,313,1785,894
228,3347
895,896,601,99,5311,6587,856,897,1036,2,666,774,460,877,7688,898,6928,576,5174,899,460,877,7688,898,6928,2,666,774,852,862
81,314,383,900,700,5826,214,826,147,2893,901,902,4111,44,609,4599,45,216,268,1114,865,3913
228,3347,762,903,88,657,1542
50,74,159,522,5143,904,905,1295,17,258,480,429,6931
895,906,98,99,5311,6587,233,907,4989,908,6478,633,500,1370,909,2477,40,295,481,561,2406,6,313,1785,81,314,383,708,4739,4754,910,4051
911,1682,80,2979,857,912
42,833,108,2131,229,3689,828,62,936,8191
913,914,98,99,5311,6587,298,299
915,916,917,119,2011,918,919,920,6837,119,2011,921,922,923,54,924,925,4897,926
59,235,5668,927,8957,928,36,342,669,257,1694,92,2436,6394
214,826,266,1194,44,609,4599,36,342,669,81,314,383,517,3074,867,1405,738,130,2692
null
null
null
null
null
null
null
null
null
null
null
null
null
null
null
null
null
null
null
null
null
null
null
null
null
null
null
null
null
null
null
null
null
null
null
null
null
null
null
null
null
null
null
null
null
null
null
null
null
null
null
null
null
null
null
null
null
null
null
null
null
null
null
null
null
null
null
null
null
null
null
null
null
null
null
null
null
null
null
null
null
null
null
null
null
null
null
null
null
null
null
null
null
null
null
null
null
null
null
null
null
null
null
null
null
null
null
null
null
null
null
null
null
null
null
null
null
null
null
null
null
null
null
null
null
null
null
null
null
null
null
null
null
null
null
null
null
null
null
null
null
null
null
null
null
null
null
null
null
null
null
null
null
null
null
null
null
null
null
null
null
null
null
null
null
null
null
null
null
null
null
null
null
null
null
null
null
null
null
null
null
null
null
null
null
null
null
null
null
null
null
null
null
null
null
null
null
null
null
null
null
null
null
null
null
null
null
null
null
null
null
null
null
null
null
null
null
null
null
null
null
null
null
null
null
null
null
null
null
null
null
null
null
null
null
null
null
null
null
null
null
null
null
null
null
null
null
null
null
null
null
null
null
null
null
null
null
null
null
null
null
null
null
null
null
null
null
null
null
null
null
null
null
null
null
null
null
null
null
null
null
null
null
null
null
null
null
null
null
null
null
null
null
null
null
null
null
null
null
null
null
null
null
null
null
null
null
null
null
null
null
null
null
null
null
null
null
null
null
null
null
null
null
null
null
null
null
null
null
null
null
null
null
null
null
null
null
null
null
null
null
null
null
null
null
null
null
null
null
null
null
null
null
null
null
null
null
null
null
null
null
null
null
null
null
null
null
null
null
null
null
null
null
null
null
null
null
null
null
null
null
null
null
null
null
null
null
null
null
null
null
null
null
null
null
null
null
null
null
null
null
null
null
null
null
null
null
null
null
null
null
null
null
null
null
null
null
null
null
null
null
null
null
null
null
null
null
null
null
null
null
null
null
null
null
null
null
null
null
null
null
null
null
null
null
null
null
null
null
null
null
null
null
null
null
null
null
null
null
null
null
null
null
null
null
null
null
null
null
null
null
null
null
null
null
null
null
null
null
null
null
null
null
null
null
null
null
null
null
null
null
null
null
null
null
null
null
null
null
null
null
null
null
null
null
null
null
null
null
null
null
null
null
null
null
null
null
null
null
null
null
null
null
null
null
null
null
null
null
null
null
null
null
null
null
null
null
null
null
null
null
null
null
null
null
null
null
null
null
null
null
null
null
null
null
null
null
null
null
null
null
null
null
null
null
null
null
null
null
null
null
null
null
null
null
null
null
null
null
null
null
null
null
null
null
null
null
null
null
null
null
null
null
null
null
null
null
null
null
null
null
null
null
null
null
null
null
null
null
null
null
null
null
null
null
null
null
null
null
null
null
null
null
null
null
null
null
null
null
null
null
null
null
null
null
null
null
null
null
null
null
null
null
null
null
null
null
null
null
null
null
null
null
null
null
null
null
null
null
null
null
null
null
null
null
null
null
null
null
null
null
null
null
null
null
null
null
null
null
null
null
null
null
null
null
null
null
null
null
null
null
null
null
null
null
null
null
null
null
null
null
null
null
null
null
null
null
null
null
null
null
null
null
null
null
null
null
null
null
null
null
null
null
null
null
null
null
null
null
null
null
null
null
null
null
null
null
null
null
null
null
null
null
null
null
null
null
null
null
null
null
null
null
null
null
null
null
null
null
null
null
null
null
null
null
null
null
null
null
null
null
null
null
null
null
null
null
null
null
null
null
null
null
null
null
null
null
null
null
null
null
null
null
null
null
null
null
null
null
null
null
null
null
null
null
null
null
null
null
null
null
null
null
null
null
null
null
null
null
null
null
null
null
null
null
null
null
null
null
null
null
null
null
null
null
null
null
null
null
null
null
null
null
null
null
null
null
null
null
null
null
null
null
null
null
null
null
null
null
null
null
null
null
null
null
null
null
null
null
null
null
null
null
null
null
null
null
null
null
null
null
null
null
null
null
null
null
null
null
null
null
null
null
null
null
null
null
null
null
null
null
null
null
null
null
null
null
null
null
null
null
null
null
null
null
null
null
null
null
null
null
null
null
null
null
null
null
null
null
null
null
null
null
null
null
null
null
null
null
null
null
null
null
null
null
null
null
null
null
null
null
null
null
null
null
null
null
null
null
null
null
null
null
null
null
null
null
null
null
null
null
null
null
null
null
null
null
null
null
null
null
null
null
null
null
null
null
null
null
null
null
null
null
null
null
null
null
null
null
null
null
null
null
null
null
null
null
null
null
null
null
null
null
null
null
null
null
null
null
null
null
null
null
null
null
null
null
null
null
null
null
null
null
null
null
null
null
null
null
null
null
null
null
null
null
null
null
null
null
null
null
null
null
null
null
null
null
null
null
null
null
null
null
null
null
null
null
null
null
null
null
null
null
null
null
null
null
null
null
null
null
null
null
null
null
null
null
null
null
null
null
null
null
null
null
null
null
null
null
null
null
null
null
null
null
null
null
null
null
null
null
null
null
null
null
null
null
null
null
null
null
null
null
null
null
null
null
null
null
null
null
null
null
null
null
null
null
null
null
null
null
null
null
null
null
null
null
null
null
null
null
null
null
null
null
null
null
null
null
null
null
null
null
null
null
null
null
null
null
null
null
null
null
null
null
null
null
null
null
null
null
null
null
null
null
null
null
null
null
null
null
null
null
null
null
null
null
null
null
null
null
null
null
null
null
null
null
null
null
null
null
null
null
null
null
null
null
null
null
null
null
null
null
null
null
null
null
null
null
null
null
null
null
null
null
null
null
null
null
null
null
null
null
null
null
null
null
null
null
null
null
null
null
null
null
null
null
null
null
null
null
null
null
null
null
null
null
null
null
null
null
null
null
null
null
null
null
null
null
null
null
null
null
null
null
null
null
null
null
null
null
null
null
null
null
null
null
null
null
null
null
null
null
null
null
null
null
null
null
null
null
null
null
null
null
null
null
null
null
null
null
null
null
null
null
null
null
null
null
null
null
null
null
null
null
null
null
null
null
null
null
null
null
null
null
null
null
null
null
null
null
null
null
null
null
null
null
null
null
null
null
null
null
null
null
null
null
null
null
null
null
null
null
null
null
null
null
null
null
null
null
null
null
null
null
null
null
null
null
null
null
null
null
null
null
null
null
null
null
null
null
null
null
null
null
null
null
null
null
null
null
null
null
null
null
null
null
null
null
null
null
null
null
null
null
null
null
null
null
null
null
null
null
null
null
null
null
null
null
null
null
null
null
null
null
null
null
null
null
null
null
null
null
null
null
null
null
null
null
null
null
null
null
null
null
null
null
null
null
null
null
null
null
null
null
null
null
null
null
null
null
null
null
null
null
null
null
null
null
null
null
null
null
null
null
null
null
null
null
null
null
null
null
null
null
null
null
null
null
null
null
null
null
null
null
null
null
null
null
null
null
null
null
null
null
null
null
null
null
null
null
null
null
null
null
null
null
null
null
null
null
null
null
null
null
null
null
null
null
null
null
null
null
null
null
null
null
null
null
null
null
null
null
null
null
null
null
null
null
null
null
null
null
null
null
null
null
null
null
null
null
null
null
null
null
null
null
null
null
null
null
null
null
null
null
null
null
null
null
null
null
null
null
null
null
null
null
null
null
null
null
null
null
null
null
null
null
null
null
null
null
null
null
null
null
null
null
null
null
null
null
null
null
null
null
null
null
null
null
null
null
null
null
null
null
null
null
null
null
null
null
null
null
null
null
null
null
null
null
null
null
null
null
null
null
null
null
null
null
null
null
null
null
null
null
null
null
null
null
null
null
null
null
null
null
null
null
null
null
null
null
null
null
null
null
null
null
null
null
null
null
null
null
null
null
null
null
null
null
null
null
null
null
null
null
null
null
null
null
null
null
null
null
null
null
null
null
null
null
null
null
null
null
null
null
null
null
null
null
null
null
null
null
null
null
null
null
null
null
null
null
null
null
null
null
null
null
null
null
null
null
null
null
null
null
null
null
null
null
null
null
null
null
null
null
null
null
null
null
null
null
null
null
null
null
null
null
null
null
null
null
null
null
null
null
null
null
null
null
null
null
null
null
null
null
null
null
null
null
null
null
null
null
null
null
null
null
null
null
null
null
null
null
null
null
null
null
null
null
null
null
null
null
null
null
null
null
null
null
null
null
null
null
null
null
null
null
null
null
null
null
null
null
null
null
null
null
null
null
null
null
null
null
null
null
null
null
null
null
null
null
null
null
null
null
null
null
null
null
null
null
null
null
null
null
null
null
null
null
null
null
null
null
null
null
null
null
null
null
null
null
null
null
null
null
null
null
null
null
null
null
null
null
null
null
null
null
null
null
null
null
null
null
null
null
null
null
null
null
null
null
null
null
null
null
null
null
null
null
null
null
null
null
null
null
null
null
null
null
null
null
null
null
null
null
null
null
null
null
null
null
null
null
null
null
null
null
null
null
null
null
null
null
null
null
null
null
null
null
null
null
null
null
null
null
null
null
null
null
null
null
null
null
null
null
null
null
null
null
null
null
null
null
null
null
null
null
null
null
null
null
null
null
null
null
null
null
null
null
null
null
null
null
null
null
null
null
null
null
null
null
null
null
null
null
null
null
null
null
null
null
null
null
null
null
null
null
null
null
null
null
null
null
null
null
null
null
null
null
null
null
null
null
null
null
null
null
null
null
null
null
null
null
null
null
null
null
null
null
null
null
null
null
null
null
null
null
null
null
null
null
null
null
null
null
null
null
null
null
null
null
null
null
null
null
null
null
null
null
null
null
null
null
null
null
null
null
null
null
null
null
null
null
null
null
null
null
null
null
null
null
null
null
null
null
null
null
null
null
null
null
null
null
null
null
null
null
null
null
null
null
null
null
null
null
null
null
null
null
null
null
null
null
null
null
null
null
null
null
null
null
null
null
null
null
null
null
null
null
null
null
null
null
null
null
null
null
null
null
null
null
null
null
null
null
null
null
null
null
null
null
null
null
null
null
null
null
null
null
null
null
null
null
null
null
null
null
null
null
null
null
null
null
null
null
null
null
null
null
null
null
null
null
null
null
null
null
null
null
null
null
null
null
null
null
null
null
null
null
null
null
null
null
null
null
null
null
null
null
null
null
null
null
null
null
null
null
null
null
null
null
null
null
null
null
null
null
null
null
null
null
null
null
null
null
null
null
null
null
null
null
null
null
null
null
null
null
null
null
null
null
null
null
null
null
null
null
null
null
null
null
null
null
null
null
null
null
null
null
null
null
null
null
null
null
null
null
null
null
null
null
null
null
null
null
null
null
null
null
null
null
null
null
null
null
null
null
null
null
null
null
null
null
null
null
null
null
null
null
null
null
null
null
null
null
null
null
null
null
null
null
null
null
null
null
null
null
null
null
null
null
null
null
null
null
null
null
null
null
null
null
null
null
null
null
null
null
null
null
null
null
null
null
null
null
null
null
null
null
null
null
null
null
null
null
null
null
null
null
null
null
null
null
null
null
null
null
null
null
null
null
null
null
null
null
null
null
null
null
null
null
null
null
null
null
null
null
null
null
null
null
null
null
null
null
null
null
null
null
null
null
null
null
null
null
null
null
null
null
null
null
null
null
null
null
null
null
null
null
null
null
null
null
null
null
null
null
null
null
null
null
null
null
null
null
null
null
null
null
null
null
null
null
null
null
null
null
null
null
null
null
null
null
null
null
null
null
null
null
null
null
null
null
null
null
null
null
null
null
null
null
null
null
null
null
null
null
null
null
null
null
null
null
null
null
null
null
null
null
null
null
null
null
null
null
null
null
null
null
null
null
null
null
null
null
null
null
null
null
null
null
null
null
null
null
null
null
null
null
null
null
null
null
null
null
null
null
null
null
null
null
null
null
null
null
null
null
null
null
null
null
null
null
null
null
null
null
null
null
null
null
null
null
null
null
null
null
null
null
null
null
null
null
null
null
null
null
null
null
null
null
null
null
null
null
null
null
null
null
null
null
null
null
null
null
null
null
null
null
null
null
null
null
null
null
null
null
null
null
null
null
null
null
null
null
null
null
null
null
null
null
null
null
null
null
null
null
null
null
null
null
null
null
null
null
null
null
null
null
null
null
null
null
null
null
null
null
null
null
null
null
null
null
null
null
null
null
null
null
null
null
null
null
null
null
null
null
null
null
null
null
null
null
null
null
null
null
null
null
null
null
null
null
null
null
null
null
null
null
null
null
null
null
null
null
null
null
null
null
null
null
null
null
null
null
null
null
null
null
null
null
null
null
null
null
null
null
null
null
null
null
null
null
null
null
null
null
null
null
null
null
null
null
null
null
null
null
null
null
null
null
null
null
null
null
null
null
null
null
null
null
null
null
null
null
null
null
null
null
null
null
null
null
null
null
null
null
null
null
null
null
null
null
null
null
null
null
null
null
null
null
null
null
null
null
null
null
null
null
null
null
null
null
null
null
null
null
null
null
null
null
null
null
null
null
null
null
null
null
null
null
null
null
null
null
null
null
null
null
null
null
null
null
null
null
null
null
null
null
null
null
null
null
null
null
null
null
null
null
null
null
null
null
null
null
null
null
null
null
null
null
null
null
null
null
null
null
null
null
null
null
null
null
null
null
null
null
null
null
null
null
null
null
null
null
null
null
null
null
null
null
null
null
null
null
null
null
null
null
null
null
null
null
null
null
null
null
null
null
null
null
null
null
null
null
null
null
null
null
null
null
null
null
null
null
null
null
null
null
null
null
null
null
null
null
null
null
null
null
null
null
null
null
null
null
null
null
null
null
null
null
null
null
null
null
null
null
null
null
null
null
null
null
null
null
null
null
null
null
null
null
null
null
null
null
null
null
null
null
null
null
null
null
null
null
null
null
null
null
null
null
null
null
null
null
null
null
null
null
null
null
null
null
null
null
null
null
null
null
null
null
null
null
null
null
null
null
null
null
null
null
null
null
null
null
null
null
null
null
null
null
null
null
null
null
null
null
null
null
null
null
null
null
null
null
null
null
null
null
null
null
null
null
null
null
null
null
null
null
null
null
null
null
null
null
null
null
null
null
null
null
null
null
null
null
null
null
null
null
null
null
null
null
null
null
null
null
null
null
null
null
null
null
null
null
null
null
null
null
null
null
null
null
null
null
null
null
null
null
null
null
null
null
null
null
null
null
null
null
null
null
null
null
null
null
null
null
null
null
null
null
null
null
null
null
null
null
null
null
null
null
null
null
null
null
null
null
null
null
null
null
null
null
null
null
null
null
null
null
null
null
null
null
null
null
null
null
null
null
null
null
null
null
null
null
null
null
null
null
null
null
null
null
null
null
null
null
null
null
null
null
null
null
null
null
null
null
null
null
null
null
null
null
null
null
null
null
null
null
null
null
null
null
null
null
null
null
null
null
null
null
null
null
null
null
null
null
null
null
null
null
null
null
null
null
null
null
null
null
null
null
null
null
null
null
null
null
null
null
null
null
null
null
null
null
null
null
null
null
null
null
null
null
null
null
null
null
null
null
null
null
null
null
null
null
null
null
null
null
null
null
null
null
null
null
null
null
null
null
null
null
null
null
null
null
null
null
null
null
null
null
null
null
null
null
null
null
null
null
null
null
null
null
null
null
null
null
null
null
null
null
null
null
null
null
null
null
null
null
null
null
null
null
null
null
null
null
null
null
null
null
null
null
null
null
null
null
null
null
null
null
null
null
null
null
null
null
null
null
null
null
null
null
null
null
null
null
null
null
null
null
null
null
null
null
null
null
null
null
null
null
null
null
null
null
null
null
null
null
null
null
null
null
null
null
null
null
null
null
null
null
null
null
null
null
null
null
null
null
null
null
null
null
null
null
null
null
null
null
null
null
null
null
null
null
null
null
null
null
null
null
null
null
null
null
null
null
null
null
null
null
null
null
null
null
null
null
null
null
null
null
null
null
null
null
null
null
null
null
null
null
null
null
null
null
null
null
null
null
null
null
null
null
null
null
null
null
null
null
null
null
null
null
null
null
null
null
null
null
null
null
null
null
null
null
null
null
null
null
null
null
null
null
null
null
null
null
null
null
null
null
null
null
null
null
null
null
null
null
null
null
null
null
null
null
null
null
null
null
null
null
null
null
null
null
null
null
null
null
null
null
null
null
null
null
null
null
null
null
null
null
null
null
null
null
null
null
null
null
null
null
null
null
null
null
null
null
null
null
null
null
null
null
null
null
null
null
null
null
null
null
null
null
null
null
null
null
null
null
null
null
null
null
null
null
null
null
null
null
null
null
null
null
null
null
null
null
null
null
null
null
null
null
null
null
null
null
null
null
null
null
null
null
null
null
null
null
null
null
null
null
null
null
null
null
null
null
null
null
null
null
null
null
null
null
null
null
null
null
null
null
null
null
null
null
null
null
null
null
null
null
null
null
null
null
null
null
null
null
null
null
null
null
null
null
null
null
null
null
null
null
null
null
null
null
null
null
null
null
null
null
null
null
null
null
null
null
null
null
null
null
null
null
null
null
null
null
null
null
null
null
null
null
null
null
null
null
null
null
null
null
null
null
null
null
null
null
null
null
null
null
null
null
null
null
null
null
null
null
null
null
null
null
null
null
null
null
null
null
null
null
null
null
null
null
null
null
null
null
null
null
null
null
null
null
null
null
null
null
null
null
null
null
null
null
null
null
null
null
null
null
null
null
null
null
null
null
null
null
null
null
null
null
null
null
null
null
null
null
null
null
null
null
null
null
null
null
null
null
null
null
null
null
null
null
null
null
null
null
null
null
null
null
null
null
null
null
null
null
null
null
null
null
null
null
null
null
null
null
null
null
null
null
null
null
null
null
null
null
null
null
null
null
null
null
null
null
null
null
null
null
null
null
null
null
null
null
null
null
null
null
null
null
null
null
null
null
null
null
null
null
null
null
null
null
null
null
null
null
null
null
null
null
null
null
null
null
null
null
null
null
null
null
null
null
null
null
null
null
null
null
null
null
null
null
null
null
null
null
null
null
null
null
null
null
null
null
null
null
null
null
null
null
null
null
null
null
null
null
null
null
null
null
null
null
null
null
null
null
null
null
null
null
null
null
null
null
null
null
null
null
null
null
null
null
null
null
null
null
null
null
null
null
null
null
null
null
null
null
null
null
null
null
null
null
null
null
null
null
null
null
null
null
null
null
null
null
null
null
null
null
null
null
null
null
null
null
null
null
null
null
null
null
null
null
null
null
null
null
null
null
null
null
null
null
null
null
null
null
null
null
null
null
null
null
null
null
null
null
null
null
null
null
null
null
null
null
null
null
null
null
null
null
null
null
null
null
null
null
null
null
null
null
null
null
null
null
null
null
null
null
null
null
null
null
null
null
null
null
null
null
null
null
null
null
null
null
null
null
null
null
null
null
null
null
null
null
null
null
null
null
null
null
null
null
null
null
null
null
null
null
null
null
null
null
null
null
null
null
null
null
null
null
null
null
null
null
null
null
null
null
null
null
null
null
null
null
null
null
null
null
null
null
null
null
null
null
null
null
null
null
null
null
null
null
null
null
null
null
null
null
null
null
null
null
null
null
null
null
null
null
null
null
null
null
null
null
null
null
null
null
null
null
null
null
null
null
null
null
null
null
null
null
null
null
null
null
null
null
null
null
null
null
null
null
null
null
null
null
null
null
null
null
null
null
null
null
null
null
null
null
null
null
null
null
null
null
null
null
null
null
null
null
null
null
null
null
null
null
null
null
null
null
null
null
null
null
null
null
null
null
null
null
null
null
null
null
null
null
null
null
null
null
null
null
null
null
null
null
null
null
null
null
null
null
null
null
null
null
null
null
null
null
null
null
null
null
null
null
null
null
null
null
null
null
null
null
null
null
null
null
null
null
null
null
null
null
null
null
null
null
null
null
null
null
null
null
null
null
null
null
null
null
null
null
null
null
null
null
null
null
null
null
null
null
null
null
null
null
null
null
null
null
null
null
null
null
null
null
null
null
null
null
null
null
null
null
null
null
null
null
null
null
null
null
null
null
null
null
null
null
null
null
null
null
null
null
null
null
null
null
null
null
null
null
null
null
null
null
null
null
null
null
null
null
null
null
null
null
null
null
null
null
null
null
null
null
null
null
null
null
null
null
null
null
null
null
null
null
null
null
null
null
null
null
null
null
null
null
null
null
null
null
null
null
null
null
null
null
null
null
null
null
null
